                  epoch,             train/loss,  metrics/accuracy_top1,  metrics/accuracy_top5,               val/loss,                 lr/pg0,                 lr/pg1,                 lr/pg2
                      1,                 1.6799,                0.63581,                 0.9742,                  1.663,             0.00023736,             0.00023736,             0.00023736
                      2,                 1.0975,                0.76024,                0.99241,                 1.5018,             0.00038124,             0.00038124,             0.00038124
                      3,                0.94132,                 0.8088,                0.99545,                 1.4361,             0.00043087,             0.00043087,             0.00043087
                      4,                0.83285,                0.80577,                0.99393,                 1.4167,             0.00028988,             0.00028988,             0.00028988
                      5,                0.76847,                0.83308,                0.99545,                 1.3913,             0.00014851,             0.00014851,             0.00014851
