                  epoch,             train/loss,  metrics/accuracy_top1,  metrics/accuracy_top5,               val/loss,                 lr/pg0,                 lr/pg1,                 lr/pg2
                      1,                0.42804,                0.88467,                0.99241,                 1.3062,             0.00023736,             0.00023736,             0.00023736
                      2,                0.41616,                0.86191,                0.99241,                 1.3188,             0.00047065,             0.00047065,             0.00047065
                      3,                0.41871,                 0.8786,                0.99545,                 1.3085,             0.00069923,             0.00069923,             0.00069923
                      4,                0.38716,                0.85281,                 0.9909,                 1.3229,             0.00069279,             0.00069279,             0.00069279
                      5,                0.39767,                0.88316,                0.99393,                 1.3015,             0.00068573,             0.00068573,             0.00068573
                      6,                0.37617,                0.87102,                0.99545,                 1.3011,             0.00067866,             0.00067866,             0.00067866
                      7,                0.35213,                0.89681,                0.99393,                 1.2864,             0.00067159,             0.00067159,             0.00067159
                      8,                0.36843,                 0.8786,                0.99241,                  1.305,             0.00066452,             0.00066452,             0.00066452
