                  epoch,             train/loss,  metrics/accuracy_top1,  metrics/accuracy_top5,               val/loss,                 lr/pg0,                 lr/pg1,                 lr/pg2
                      1,                 1.3098,                0.83612,                0.98786,                 1.4168,             0.00023736,             0.00023736,             0.00023736
                      2,                0.54804,                0.89226,                0.99848,                 1.3098,             0.00038124,             0.00038124,             0.00038124
                      3,                  0.398,                0.93323,                0.99848,                 1.2673,             0.00043087,             0.00043087,             0.00043087
                      4,                0.30809,                 0.9302,                      1,                  1.258,             0.00028988,             0.00028988,             0.00028988
                      5,                0.25251,                0.94537,                      1,                 1.2417,             0.00014851,             0.00014851,             0.00014851
